id,group,store,ripe,price,organic
1,banana,Giant,false,5,true
2,strawberry,Walmart,true,13,true
3,banana,Safeway,false,5,true
4,orange,Costco,false,8,false
5,strawberry,Giant,false,9,false
6,,Giant,false,14,false
7,grapes,,true,15,true
8,apple,Costco,false,15,false
9,strawberry,Giant,false,8,true
10,grapes,Walmart,true,2,true
11,grapes,Safeway,false,3,false
12,apple,Costco,true,14,true
13,banana,,true,10,true
14,strawberry,Giant,true,1,true
15,banana,Safeway,true,3,true
16,grapes,Giant,true,9,true
17,banana,Giant,false,13,false
18,,Giant,true,3,false
19,strawberry,Costco,true,13,false
20,apple,Safeway,true,1,true
21,apple,Safeway,false,15,true
22,grapes,Safeway,true,1,false
23,apple,Costco,true,2,true
24,,Walmart,true,13,true
25,orange,Safeway,true,11,true
26,orange,Costco,true,12,false
27,grapes,Safeway,true,5,false
28,strawberry,Walmart,true,13,false
29,grapes,Giant,false,7,true
30,banana,Walmart,,1,true
31,orange,Walmart,true,4,false
32,grapes,Walmart,false,5,true
33,strawberry,,true,6,true
34,apple,Safeway,false,13,false
35,banana,Costco,false,4,false
36,,Safeway,true,6,false
37,grapes,Safeway,false,12,false
38,grapes,Walmart,false,13,true
39,,Giant,true,8,true
40,banana,Costco,false,5,true
41,grapes,Safeway,false,6,true
42,banana,Walmart,true,15,false
43,strawberry,Safeway,true,4,false
44,apple,Giant,true,5,false
45,apple,Giant,false,1,false
46,grapes,Walmart,true,11,false
47,strawberry,,true,9,false
48,orange,Safeway,true,10,true
49,,Walmart,false,11,true
50,strawberry,Walmart,true,14,true
51,strawberry,Giant,true,11,false
52,orange,Walmart,false,11,true
53,apple,Costco,false,15,false
54,,Giant,,9,false
55,,Giant,false,9,false
56,grapes,Safeway,true,13,false
57,banana,Safeway,true,5,true
58,orange,Safeway,false,1,false
59,orange,,false,9,true
60,orange,Giant,true,5,true
61,strawberry,,true,9,true
62,banana,Safeway,true,10,true
63,apple,Giant,false,9,true
64,strawberry,Giant,true,10,true
65,strawberry,Costco,true,3,false
66,grapes,Costco,false,7,false
67,strawberry,Giant,true,13,true
68,grapes,Walmart,false,4,true
69,banana,Safeway,false,2,false
70,banana,Walmart,false,11,true
71,strawberry,Costco,false,14,false
72,strawberry,Walmart,false,11,false
73,banana,Walmart,false,14,false
74,orange,Walmart,false,3,false
75,apple,Giant,true,10,false
76,grapes,Safeway,false,4,false
77,apple,Costco,false,5,false
78,apple,Costco,true,15,false
79,orange,Costco,true,3,false
80,grapes,Walmart,true,7,false
81,grapes,Costco,true,4,true
82,apple,Safeway,false,4,true
83,grapes,Walmart,true,11,false
84,apple,Safeway,false,8,true
85,banana,Costco,false,13,false
86,banana,Walmart,true,7,false
87,grapes,Safeway,false,11,false
88,apple,Walmart,true,14,true
89,orange,Walmart,true,10,true
90,strawberry,Safeway,true,4,false
91,orange,Costco,true,11,true
92,banana,Costco,false,13,true
93,grapes,Giant,true,14,true
94,banana,Giant,false,15,false
95,grapes,Costco,true,13,true
96,apple,Costco,false,5,false
97,strawberry,Giant,true,2,true
98,orange,Costco,true,14,false
99,orange,Walmart,true,3,false
100,orange,Giant,false,5,false
101,banana,Safeway,false,12,true
102,strawberry,Costco,false,14,true
103,grapes,Walmart,,11,false
104,banana,Costco,false,1,true
105,banana,Costco,false,12,false
106,banana,Walmart,true,9,true
107,orange,Safeway,false,6,true
108,grapes,Giant,false,9,false
109,orange,Walmart,false,14,true
110,banana,Safeway,false,1,true
111,grapes,Walmart,true,9,false
112,orange,Costco,true,2,true
113,grapes,,true,11,true
114,grapes,Walmart,false,15,false
115,banana,Costco,false,2,true
116,,Safeway,false,7,true
117,banana,,true,12,true
118,,Giant,true,8,true
119,banana,Giant,true,14,true
120,grapes,Costco,false,9,true
121,strawberry,Safeway,true,1,true
122,grapes,Walmart,false,4,true
123,banana,Walmart,true,1,true
124,grapes,Giant,,8,false
125,grapes,Costco,true,9,false
126,banana,Safeway,false,11,true
127,banana,Costco,true,2,true
128,grapes,Walmart,false,6,false
129,grapes,Walmart,false,3,false
130,banana,Safeway,true,3,false
131,apple,Walmart,true,13,false
132,apple,Costco,true,1,true
133,grapes,Giant,false,12,false
134,,Costco,,4,true
135,,Safeway,true,7,true
136,apple,Giant,false,10,true
137,strawberry,Costco,true,3,false
138,grapes,Walmart,true,2,false
139,banana,Safeway,false,6,true
140,grapes,Safeway,false,3,true
141,strawberry,Walmart,false,15,true
142,orange,Safeway,true,3,false
143,grapes,Walmart,false,11,false
144,grapes,Walmart,false,5,true
145,banana,Safeway,true,12,false
146,apple,Giant,false,7,false
147,strawberry,Safeway,true,10,false
148,grapes,Costco,true,8,false
149,orange,Safeway,false,11,false
150,banana,,true,8,true
151,banana,Costco,true,3,false
152,apple,Safeway,false,10,false
153,banana,Walmart,false,10,false
154,grapes,Walmart,false,1,false
155,apple,Giant,true,9,false
156,apple,Safeway,true,14,true
157,strawberry,,true,13,true
158,orange,,true,4,false
159,orange,Giant,true,2,false
160,strawberry,Costco,true,2,true
161,orange,Safeway,false,10,true
162,banana,,false,3,true
163,orange,Walmart,false,1,false
164,grapes,Costco,false,8,true
165,orange,Costco,true,8,true
166,orange,Safeway,false,5,true
167,apple,Giant,,5,false
168,strawberry,Giant,false,4,true
169,grapes,Giant,false,15,false
170,apple,Safeway,false,15,false
171,apple,Giant,false,4,true
172,strawberry,Walmart,false,4,true
173,orange,Safeway,true,10,false
174,strawberry,Giant,true,12,true
175,banana,Costco,true,15,true
176,orange,Giant,true,3,true
177,strawberry,Walmart,false,2,true
178,apple,Safeway,true,2,false
179,banana,Giant,true,3,true
180,grapes,Safeway,false,14,true
181,grapes,,true,7,false
182,apple,Costco,true,10,false
183,banana,Giant,false,15,false
184,orange,Giant,false,3,false
185,strawberry,Safeway,true,8,true
186,banana,Safeway,true,15,true
187,apple,Safeway,true,5,false
188,apple,Safeway,false,14,true
189,orange,Walmart,false,10,true
190,apple,Walmart,true,4,true
191,grapes,Safeway,,3,false
192,grapes,Giant,false,11,true
193,strawberry,Costco,false,2,false
194,orange,,true,5,true
195,orange,Walmart,false,15,true
196,apple,Safeway,false,1,false
197,strawberry,Giant,true,10,true
198,grapes,Costco,true,3,false
199,grapes,Walmart,true,11,true
200,orange,Walmart,false,13,true
